title,category,views
APPLE FRAME,APPLE FRAME,1
AURORA BOREALIS,AURORA BOREALIS,2
BARN,BARN,17
BEACH,BEACH,27
BOAT,BOAT,2
BRIDGE,BRIDGE,7
BUILDING,BUILDING,1
BUSHES,BUSHES,120
CABIN,CABIN,69
CACTUS,CACTUS,4
CIRCLE FRAME,CIRCLE FRAME,2
CIRRUS,CIRRUS,28
CLIFF,CLIFF,8
CLOUDS,CLOUDS,179
CONIFER,CONIFER,212
CUMULUS,CUMULUS,86
DECIDUOUS,DECIDUOUS,227
DIANE ANDRE,DIANE ANDRE,1
DOCK,DOCK,1
DOUBLE OVAL FRAME,DOUBLE OVAL FRAME,1
FARM,FARM,1
FENCE,FENCE,24
FIRE,FIRE,1
FLORIDA FRAME,FLORIDA FRAME,1
FLOWERS,FLOWERS,12
FOG,FOG,23
FRAMED,FRAMED,53
GRASS,GRASS,142
GUEST,GUEST,22
HALF CIRCLE FRAME,HALF CIRCLE FRAME,1
HALF OVAL FRAME,HALF OVAL FRAME,1
HILLS,HILLS,18
LAKE,LAKE,143
LAKES,LAKES,0
LIGHTHOUSE,LIGHTHOUSE,1
MILL,MILL,2
MOON,MOON,3
MOUNTAIN,MOUNTAIN,160
MOUNTAINS,MOUNTAINS,99
NIGHT,NIGHT,11
OCEAN,OCEAN,36
OVAL FRAME,OVAL FRAME,38
PALM TREES,PALM TREES,9
PATH,PATH,49
PERSON,PERSON,1
PORTRAIT,PORTRAIT,3
RECTANGLE 3D FRAME,RECTANGLE 3D FRAME,1
RECTANGULAR FRAME,RECTANGULAR FRAME,1
RIVER,RIVER,126
ROCKS,ROCKS,77
SEASHELL FRAME,SEASHELL FRAME,1
SNOW,SNOW,75
SNOWY MOUNTAIN,SNOWY MOUNTAIN,109
SPLIT FRAME,SPLIT FRAME,1
STEVE ROSS,STEVE ROSS,11
STRUCTURE,STRUCTURE,85
SUN,SUN,40
TOMB FRAME,TOMB FRAME,1
TREE,TREE,361
TREES,TREES,337
TRIPLE FRAME,TRIPLE FRAME,1
WATERFALL,WATERFALL,39
WAVES,WAVES,34
WINDMILL,WINDMILL,1
WINDOW FRAME,WINDOW FRAME,1
WINTER,WINTER,69
WOOD FRAMED,WOOD FRAMED,1